<?xml version="1.0" encoding="UTF-8"?>
<root>
  <item name="io.particle.android.sdk.cloud.EventsDelegate void publishEvent(java.lang.String, java.lang.String, int, int) 2">
    <annotation name="android.support.annotation.IntDef">
      <val name="value" val="{io.particle.android.sdk.cloud.ParticleEventVisibility.PRIVATE, io.particle.android.sdk.cloud.ParticleEventVisibility.PUBLIC}" />
    </annotation>
  </item>
  <item name="io.particle.android.sdk.cloud.ParticleCloud void publishEvent(java.lang.String, java.lang.String, int, int) 2">
    <annotation name="android.support.annotation.IntDef">
      <val name="value" val="{io.particle.android.sdk.cloud.ParticleEventVisibility.PRIVATE, io.particle.android.sdk.cloud.ParticleEventVisibility.PUBLIC}" />
    </annotation>
  </item>
  <item name="io.particle.android.sdk.cloud.ParticleEventVisibility">
    <annotation name="android.support.annotation.IntDef">
      <val name="value" val="{io.particle.android.sdk.cloud.ParticleEventVisibility.PRIVATE, io.particle.android.sdk.cloud.ParticleEventVisibility.PUBLIC}" />
    </annotation>
  </item>
</root>

